{
  "css/style.css": 1702986615224,
  "controller/ASNReportView.controller.js": 1703067279950,
  "model/models.js": 1698041259823,
  "model/formatter.js": 1698047765940,
  "controller/formatter.js": 1703058090654,
  "controller/View1.controller.js": 1702985801416,
  "manifest.json": 1703077242071,
  "controller/ASNReportDetail.controller.js": 1702985801416,
  "Component.js": 1703068595143,
  "Component-preload.js": 1703077242532,
  "model/models-dbg.js": 1698041259823,
  "model/formatter-dbg.js": 1698047765940,
  "controller/formatter-dbg.js": 1703058090654,
  "controller/View1-dbg.controller.js": 1702985801416,
  "controller/ASNReportView-dbg.controller.js": 1703067279950,
  "controller/ASNReportDetail-dbg.controller.js": 1702985801416,
  "Component-dbg.js": 1703068595143,
  "view/View1.view.xml": 1702987976595,
  "view/ASNReportView.view.xml": 1703058327251,
  "view/ASNReportDetail.view.xml": 1703069532212,
  "fragment/fragVendorInvNum.fragment.xml": 1702986727892,
  "fragment/fragVendor.fragment.xml": 1702986727892,
  "fragment/fragPlant.fragment.xml": 1702986727892,
  "fragment/fragMaterial.fragment.xml": 1702986782996,
  "fragment/fragBaseDocNum.fragment.xml": 1702986727892,
  "fragment/fragAsnNum.fragment.xml": 1702986727892,
  "i18n/i18n.properties": 1703065483875,
  "index.html": 1703065670629
}