{
  "fragment/fragVendor.fragment.xml": 1702986727892,
  "model/models.js": 1698041259823,
  "manifest.json": 1705385138933,
  "model/formatter.js": 1698047765940,
  "controller/formatter.js": 1704269416495,
  "controller/View1.controller.js": 1702985801416,
  "controller/ASNReportView.controller.js": 1705301289591,
  "controller/ASNReportDetail.controller.js": 1705296605468,
  "Component.js": 1704968908532,
  "Component-preload.js": 1705385139361,
  "Component-dbg.js": 1704968908532,
  "model/formatter-dbg.js": 1698047765940,
  "controller/formatter-dbg.js": 1704269416495,
  "controller/View1-dbg.controller.js": 1702985801416,
  "controller/ASNReportView-dbg.controller.js": 1705301289591,
  "controller/ASNReportDetail-dbg.controller.js": 1705296605468,
  "model/models-dbg.js": 1698041259823,
  "view/View1.view.xml": 1702987976595,
  "view/ASNReportView.view.xml": 1704285858942,
  "view/ASNReportDetail.view.xml": 1705302593621,
  "fragment/fragVendorInvNum.fragment.xml": 1702986727892,
  "i18n/i18n.properties": 1703571472063,
  "fragment/fragPlant.fragment.xml": 1702986727892,
  "fragment/fragMaterial.fragment.xml": 1702986782996,
  "fragment/fragBaseDocNum.fragment.xml": 1702986727892,
  "fragment/fragAsnNum.fragment.xml": 1702986727892,
  "css/style.css": 1702986615224,
  "index.html": 1703571472067
}