{
  "fragment/fragPlant.fragment.xml": 1702986727892,
  "model/formatter.js": 1698047765940,
  "model/models.js": 1698041259823,
  "manifest.json": 1705479357043,
  "controller/formatter.js": 1705428122215,
  "controller/View1.controller.js": 1702985801416,
  "controller/ASNReportView.controller.js": 1705427964656,
  "controller/ASNReportDetail.controller.js": 1705479309504,
  "Component.js": 1704968908532,
  "Component-preload.js": 1705479357470,
  "controller/ASNReportView-dbg.controller.js": 1705427964656,
  "model/formatter-dbg.js": 1698047765940,
  "controller/formatter-dbg.js": 1705428122215,
  "controller/View1-dbg.controller.js": 1702985801416,
  "model/models-dbg.js": 1698041259823,
  "controller/ASNReportDetail-dbg.controller.js": 1705479309504,
  "Component-dbg.js": 1704968908532,
  "view/View1.view.xml": 1702987976595,
  "view/ASNReportView.view.xml": 1705428217407,
  "view/ASNReportDetail.view.xml": 1705477172524,
  "css/style.css": 1702986615224,
  "fragment/fragVendorInvNum.fragment.xml": 1702986727892,
  "fragment/fragVendor.fragment.xml": 1702986727892,
  "i18n/i18n.properties": 1703571472063,
  "fragment/fragMaterial.fragment.xml": 1702986782996,
  "fragment/fragBaseDocNum.fragment.xml": 1702986727892,
  "fragment/fragAsnNum.fragment.xml": 1702986727892,
  "index.html": 1703571472067
}