{
  "manifest.json": 1713867870230,
  "controller/ASNReportView.controller.js": 1713855950340,
  "model/models.js": 1711036024199,
  "model/formatter.js": 1711036024199,
  "controller/formatter.js": 1711036024199,
  "controller/View1.controller.js": 1711036024199,
  "i18n/i18n.properties": 1711036024199,
  "controller/ASNReportDetail.controller.js": 1713856217832,
  "Component.js": 1713855591697,
  "Component-preload.js": 1713867870645,
  "model/formatter-dbg.js": 1711036024199,
  "model/models-dbg.js": 1711036024199,
  "controller/formatter-dbg.js": 1711036024199,
  "controller/View1-dbg.controller.js": 1711036024199,
  "controller/ASNReportView-dbg.controller.js": 1713855950340,
  "controller/ASNReportDetail-dbg.controller.js": 1713856217832,
  "Component-dbg.js": 1713855591697,
  "view/View1.view.xml": 1713853062939,
  "view/ASNReportView.view.xml": 1713853062939,
  "view/ASNReportDetail.view.xml": 1713853062939,
  "fragment/fragVendorInvNum.fragment.xml": 1711036024199,
  "fragment/fragVendor.fragment.xml": 1711036024199,
  "fragment/fragPlant.fragment.xml": 1711036024199,
  "fragment/fragMaterial.fragment.xml": 1711036024199,
  "fragment/fragBaseDocNum.fragment.xml": 1711036024199,
  "fragment/fragAsnNum.fragment.xml": 1711036024199,
  "css/style.css": 1711036024199,
  "index.html": 1711036024199
}