{
  "i18n/i18n.properties": 1703571472063,
  "controller/ASNReportView.controller.js": 1703571997058,
  "model/models.js": 1698041259823,
  "model/formatter.js": 1698047765940,
  "controller/formatter.js": 1703571472063,
  "controller/View1.controller.js": 1702985801416,
  "manifest.json": 1703572232722,
  "controller/ASNReportDetail.controller.js": 1703572036074,
  "Component.js": 1703571499767,
  "Component-preload.js": 1703572233170,
  "model/formatter-dbg.js": 1698047765940,
  "model/models-dbg.js": 1698041259823,
  "controller/formatter-dbg.js": 1703571472063,
  "controller/View1-dbg.controller.js": 1702985801416,
  "controller/ASNReportView-dbg.controller.js": 1703571997058,
  "controller/ASNReportDetail-dbg.controller.js": 1703572036074,
  "Component-dbg.js": 1703571499767,
  "view/View1.view.xml": 1702987976595,
  "view/ASNReportView.view.xml": 1703571472071,
  "view/ASNReportDetail.view.xml": 1703571499771,
  "fragment/fragVendorInvNum.fragment.xml": 1702986727892,
  "fragment/fragVendor.fragment.xml": 1702986727892,
  "fragment/fragPlant.fragment.xml": 1702986727892,
  "fragment/fragMaterial.fragment.xml": 1702986782996,
  "fragment/fragBaseDocNum.fragment.xml": 1702986727892,
  "fragment/fragAsnNum.fragment.xml": 1702986727892,
  "css/style.css": 1702986615224,
  "index.html": 1703571472067
}