{
  "fragment/fragVendor.fragment.xml": 1711036024199,
  "model/formatter.js": 1711036024199,
  "model/models.js": 1711036024199,
  "manifest.json": 1714629862038,
  "controller/formatter.js": 1711036024199,
  "controller/View1.controller.js": 1711036024199,
  "controller/ASNReportView.controller.js": 1714629821915,
  "controller/ASNReportDetail.controller.js": 1714143031818,
  "Component.js": 1714209686905,
  "Component-preload.js": 1714629862741,
  "model/formatter-dbg.js": 1711036024199,
  "model/models-dbg.js": 1711036024199,
  "controller/formatter-dbg.js": 1711036024199,
  "controller/View1-dbg.controller.js": 1711036024199,
  "controller/ASNReportView-dbg.controller.js": 1714629821915,
  "controller/ASNReportDetail-dbg.controller.js": 1714143031818,
  "Component-dbg.js": 1714209686905,
  "view/View1.view.xml": 1713853062939,
  "view/ASNReportView.view.xml": 1713962706345,
  "view/ASNReportDetail.view.xml": 1713853062939,
  "fragment/fragVendorInvNum.fragment.xml": 1711036024199,
  "i18n/i18n.properties": 1711036024199,
  "fragment/fragPlant.fragment.xml": 1711036024199,
  "fragment/fragMaterial.fragment.xml": 1711036024199,
  "fragment/fragBaseDocNum.fragment.xml": 1711036024199,
  "fragment/fragAsnNum.fragment.xml": 1711036024199,
  "css/style.css": 1711036024199,
  "index.html": 1711036024199
}